-- Create Users table
CREATE TABLE Users (
  user_id INT PRIMARY KEY AUTO_INCREMENT,
  full_name VARCHAR(100) NOT NULL,
  email VARCHAR(100) UNIQUE NOT NULL,
  city VARCHAR(100) NOT NULL,
  registration_date DATE NOT NULL
);

-- Create Events table
CREATE TABLE Events (
  event_id INT PRIMARY KEY AUTO_INCREMENT,
  title VARCHAR(200) NOT NULL,
  description TEXT,
  city VARCHAR(100) NOT NULL,
  start_date DATETIME NOT NULL,
  end_date DATETIME NOT NULL,
  status ENUM('upcoming', 'completed', 'cancelled') NOT NULL,
  organizer_id INT,
  FOREIGN KEY (organizer_id) REFERENCES Users(user_id)
);

-- Create Registrations table
CREATE TABLE Registrations (
  registration_id INT PRIMARY KEY AUTO_INCREMENT,
  user_id INT,
  event_id INT,
  registration_date DATE NOT NULL,
  FOREIGN KEY (user_id) REFERENCES Users(user_id),
  FOREIGN KEY (event_id) REFERENCES Events(event_id)
);
-- Insert Users
INSERT INTO Users (user_id, full_name, email, city, registration_date) VALUES
(1, 'Alice Johnson', 'alice@example.com', 'New York', '2024-12-01'),
(2, 'Bob Smith', 'bob@example.com', 'Los Angeles', '2024-12-05'),
(3, 'Charlie Lee', 'charlie@example.com', 'Chicago', '2024-12-10'),
(4, 'Diana King', 'diana@example.com', 'New York', '2025-01-15'),
(5, 'Ethan Hunt', 'ethan@example.com', 'Los Angeles', '2025-02-01');

-- Insert Events
INSERT INTO Events (event_id, title, description, city, start_date, end_date, status, organizer_id) VALUES
(1, 'Tech Innovators Meetup', 'A meetup for tech enthusiasts.', 'New York', '2025-06-10 10:00:00', '2025-06-10 16:00:00', 'upcoming', 1),
(2, 'AI & ML Conference', 'Conference on AI and ML advancements.', 'Chicago', '2025-05-15 09:00:00', '2025-05-15 17:00:00', 'completed', 3),
(3, 'Frontend Development Bootcamp', 'Hands-on training on frontend tech.', 'Los Angeles', '2025-07-01 10:00:00', '2025-07-03 16:00:00', 'upcoming', 2);

-- Insert Registrations
INSERT INTO Registrations (registration_id, user_id, event_id, registration_date) VALUES
(1, 1, 1, '2025-05-01'),
(2, 2, 1, '2025-05-02'),
(3, 3, 2, '2025-04-30'),
(4, 4, 2, '2025-04-28'),
(5, 5, 3, '2025-06-15');
SELECT u.full_name AS user_name,
       e.title AS event_title,
       e.city AS event_city,
       e.start_date AS event_start_date
FROM Users u
JOIN Registrations r ON u.user_id = r.user_id
JOIN Events e ON r.event_id = e.event_id
WHERE e.status = 'upcoming'
  AND u.city = e.city
ORDER BY e.start_date;
